[{"model": "contenttypes.contenttype", "pk": 1, "fields": {"app_label": "admin", "model": "logentry"}}, {"model": "contenttypes.contenttype", "pk": 2, "fields": {"app_label": "auth", "model": "permission"}}, {"model": "contenttypes.contenttype", "pk": 3, "fields": {"app_label": "auth", "model": "group"}}, {"model": "contenttypes.contenttype", "pk": 4, "fields": {"app_label": "contenttypes", "model": "contenttype"}}, {"model": "contenttypes.contenttype", "pk": 5, "fields": {"app_label": "sessions", "model": "session"}}, {"model": "contenttypes.contenttype", "pk": 6, "fields": {"app_label": "main", "model": "product"}}, {"model": "contenttypes.contenttype", "pk": 7, "fields": {"app_label": "main", "model": "producttag"}}, {"model": "contenttypes.contenttype", "pk": 8, "fields": {"app_label": "main", "model": "productimage"}}, {"model": "contenttypes.contenttype", "pk": 9, "fields": {"app_label": "main", "model": "user"}}, {"model": "contenttypes.contenttype", "pk": 10, "fields": {"app_label": "main", "model": "address"}}, {"model": "contenttypes.contenttype", "pk": 11, "fields": {"app_label": "main", "model": "basket"}}, {"model": "contenttypes.contenttype", "pk": 12, "fields": {"app_label": "main", "model": "basketline"}}, {"model": "contenttypes.contenttype", "pk": 13, "fields": {"app_label": "main", "model": "order"}}, {"model": "contenttypes.contenttype", "pk": 14, "fields": {"app_label": "main", "model": "orderline"}}, {"model": "sessions.session", "pk": "1o8iwozdt2yrriakddiffkz8b60rgrbu", "fields": {"session_data": "NDcwYTYwMWQ5NDM0ZTAyZjM0NjZiZmY0NzJlMGEzYWZmY2E3MzU5Zjp7Il9hdXRoX3VzZXJfaWQiOiIxIiwiX2F1dGhfdXNlcl9iYWNrZW5kIjoiZGphbmdvLmNvbnRyaWIuYXV0aC5iYWNrZW5kcy5Nb2RlbEJhY2tlbmQiLCJfYXV0aF91c2VyX2hhc2giOiIwYWNhMDM4MmI0NDJmOWY5YzI1ZDkyNzBkMDUzYjVkODliOTE4MzQxIn0=", "expire_date": "2019-09-12T22:22:38.548Z"}}, {"model": "sessions.session", "pk": "fys24y8fe681e9bodolfuwjecjpgdmpz", "fields": {"session_data": "NDcwYTYwMWQ5NDM0ZTAyZjM0NjZiZmY0NzJlMGEzYWZmY2E3MzU5Zjp7Il9hdXRoX3VzZXJfaWQiOiIxIiwiX2F1dGhfdXNlcl9iYWNrZW5kIjoiZGphbmdvLmNvbnRyaWIuYXV0aC5iYWNrZW5kcy5Nb2RlbEJhY2tlbmQiLCJfYXV0aF91c2VyX2hhc2giOiIwYWNhMDM4MmI0NDJmOWY5YzI1ZDkyNzBkMDUzYjVkODliOTE4MzQxIn0=", "expire_date": "2019-09-10T12:35:17.033Z"}}, {"model": "sessions.session", "pk": "lhaqs7i7widmqvgfdcetog7y2v85wgdf", "fields": {"session_data": "MDI0OTEzNzM5MTQ1ZWFhNWEzZWUyOGMzNjI3YmIwZWU1OGY0MWU5MTp7ImJhc2tldF9pZCI6Mn0=", "expire_date": "2019-09-16T14:48:08.350Z"}}, {"model": "sessions.session", "pk": "midizbvg3qcbkbz0dz6gaxpx4de6zwd5", "fields": {"session_data": "NDcwYTYwMWQ5NDM0ZTAyZjM0NjZiZmY0NzJlMGEzYWZmY2E3MzU5Zjp7Il9hdXRoX3VzZXJfaWQiOiIxIiwiX2F1dGhfdXNlcl9iYWNrZW5kIjoiZGphbmdvLmNvbnRyaWIuYXV0aC5iYWNrZW5kcy5Nb2RlbEJhY2tlbmQiLCJfYXV0aF91c2VyX2hhc2giOiIwYWNhMDM4MmI0NDJmOWY5YzI1ZDkyNzBkMDUzYjVkODliOTE4MzQxIn0=", "expire_date": "2019-09-12T12:41:06.718Z"}}, {"model": "sessions.session", "pk": "rexosfizosjoo3v7e2os5yuaca686kmd", "fields": {"session_data": "NDcwYTYwMWQ5NDM0ZTAyZjM0NjZiZmY0NzJlMGEzYWZmY2E3MzU5Zjp7Il9hdXRoX3VzZXJfaWQiOiIxIiwiX2F1dGhfdXNlcl9iYWNrZW5kIjoiZGphbmdvLmNvbnRyaWIuYXV0aC5iYWNrZW5kcy5Nb2RlbEJhY2tlbmQiLCJfYXV0aF91c2VyX2hhc2giOiIwYWNhMDM4MmI0NDJmOWY5YzI1ZDkyNzBkMDUzYjVkODliOTE4MzQxIn0=", "expire_date": "2019-09-12T07:18:09.730Z"}}, {"model": "sessions.session", "pk": "s3xtah51294dmd5uf6cvrur33xf5uwvn", "fields": {"session_data": "NDcwYTYwMWQ5NDM0ZTAyZjM0NjZiZmY0NzJlMGEzYWZmY2E3MzU5Zjp7Il9hdXRoX3VzZXJfaWQiOiIxIiwiX2F1dGhfdXNlcl9iYWNrZW5kIjoiZGphbmdvLmNvbnRyaWIuYXV0aC5iYWNrZW5kcy5Nb2RlbEJhY2tlbmQiLCJfYXV0aF91c2VyX2hhc2giOiIwYWNhMDM4MmI0NDJmOWY5YzI1ZDkyNzBkMDUzYjVkODliOTE4MzQxIn0=", "expire_date": "2019-09-18T12:43:41.875Z"}}, {"model": "sessions.session", "pk": "uw25gt1d5vpfktv53ivn0f4ta6ahi0lt", "fields": {"session_data": "NDcwYTYwMWQ5NDM0ZTAyZjM0NjZiZmY0NzJlMGEzYWZmY2E3MzU5Zjp7Il9hdXRoX3VzZXJfaWQiOiIxIiwiX2F1dGhfdXNlcl9iYWNrZW5kIjoiZGphbmdvLmNvbnRyaWIuYXV0aC5iYWNrZW5kcy5Nb2RlbEJhY2tlbmQiLCJfYXV0aF91c2VyX2hhc2giOiIwYWNhMDM4MmI0NDJmOWY5YzI1ZDkyNzBkMDUzYjVkODliOTE4MzQxIn0=", "expire_date": "2019-09-15T22:16:06.191Z"}}, {"model": "sessions.session", "pk": "vyw5aj580aoonpvdxz61vp7b9hg21h0d", "fields": {"session_data": "NDcwYTYwMWQ5NDM0ZTAyZjM0NjZiZmY0NzJlMGEzYWZmY2E3MzU5Zjp7Il9hdXRoX3VzZXJfaWQiOiIxIiwiX2F1dGhfdXNlcl9iYWNrZW5kIjoiZGphbmdvLmNvbnRyaWIuYXV0aC5iYWNrZW5kcy5Nb2RlbEJhY2tlbmQiLCJfYXV0aF91c2VyX2hhc2giOiIwYWNhMDM4MmI0NDJmOWY5YzI1ZDkyNzBkMDUzYjVkODliOTE4MzQxIn0=", "expire_date": "2019-09-12T17:50:27.723Z"}}, {"model": "sessions.session", "pk": "wppyukqadzyulfbiju1n7w3pgtw6g6k9", "fields": {"session_data": "ZTE4NTcwNGJmNzU1YWU5NGE5OTQwNjQ0OTM5NzJkYjE1NzczNjBjMjp7Il9hdXRoX3VzZXJfaWQiOiI0IiwiX2F1dGhfdXNlcl9iYWNrZW5kIjoiZGphbmdvLmNvbnRyaWIuYXV0aC5iYWNrZW5kcy5Nb2RlbEJhY2tlbmQiLCJfYXV0aF91c2VyX2hhc2giOiIwMTIxOTQwMjExZTE3N2JiNDNjZjQ0ZjExNWE5MjAwMjE1NjlkYjk2IiwiYmFza2V0X2lkIjoxfQ==", "expire_date": "2019-09-16T13:53:01.609Z"}}, {"model": "sessions.session", "pk": "yjvh4uirtoufz6bqwmp2zea85jmjtfl4", "fields": {"session_data": "NDcwYTYwMWQ5NDM0ZTAyZjM0NjZiZmY0NzJlMGEzYWZmY2E3MzU5Zjp7Il9hdXRoX3VzZXJfaWQiOiIxIiwiX2F1dGhfdXNlcl9iYWNrZW5kIjoiZGphbmdvLmNvbnRyaWIuYXV0aC5iYWNrZW5kcy5Nb2RlbEJhY2tlbmQiLCJfYXV0aF91c2VyX2hhc2giOiIwYWNhMDM4MmI0NDJmOWY5YzI1ZDkyNzBkMDUzYjVkODliOTE4MzQxIn0=", "expire_date": "2019-09-14T18:19:43.664Z"}}, {"model": "sessions.session", "pk": "z9jfnrr4cbariv1ujrw1gsmo26v9hule", "fields": {"session_data": "ZTdiMmZlMmQ5YjZkMTcwMzk5OWEyMmEwZmZmOTQ3OWQ2YjQyNDEwNzp7Il9hdXRoX3VzZXJfaWQiOiI0IiwiX2F1dGhfdXNlcl9iYWNrZW5kIjoiZGphbmdvLmNvbnRyaWIuYXV0aC5iYWNrZW5kcy5Nb2RlbEJhY2tlbmQiLCJfYXV0aF91c2VyX2hhc2giOiIwMTIxOTQwMjExZTE3N2JiNDNjZjQ0ZjExNWE5MjAwMjE1NjlkYjk2In0=", "expire_date": "2019-09-15T17:00:03.192Z"}}, {"model": "sessions.session", "pk": "zp2w5e49wnnhbxo5q2a2a43fgffljtrt", "fields": {"session_data": "ZTdiMmZlMmQ5YjZkMTcwMzk5OWEyMmEwZmZmOTQ3OWQ2YjQyNDEwNzp7Il9hdXRoX3VzZXJfaWQiOiI0IiwiX2F1dGhfdXNlcl9iYWNrZW5kIjoiZGphbmdvLmNvbnRyaWIuYXV0aC5iYWNrZW5kcy5Nb2RlbEJhY2tlbmQiLCJfYXV0aF91c2VyX2hhc2giOiIwMTIxOTQwMjExZTE3N2JiNDNjZjQ0ZjExNWE5MjAwMjE1NjlkYjk2In0=", "expire_date": "2019-09-14T17:53:52.914Z"}}, {"model": "main.producttag", "pk": 1, "fields": {"name": "fantasy", "slug": "fantasy", "description": "the  best genre", "active": true}}, {"model": "main.producttag", "pk": 2, "fields": {"name": "romance", "slug": "romance", "description": "", "active": true}}, {"model": "main.producttag", "pk": 3, "fields": {"name": "science fiction", "slug": "science-fiction", "description": "", "active": true}}, {"model": "main.producttag", "pk": 4, "fields": {"name": "thriller", "slug": "thriller", "description": "", "active": true}}, {"model": "main.producttag", "pk": 5, "fields": {"name": "historical", "slug": "historical", "description": "", "active": true}}, {"model": "main.producttag", "pk": 6, "fields": {"name": "drama", "slug": "drama", "description": "", "active": true}}, {"model": "main.product", "pk": 1, "fields": {"name": "zoro book", "description": "book of zoro", "price": "50.00", "slug": "zoro-book", "active": true, "in_stock": true, "date_updated": "2019-09-02T13:21:28.231Z", "tags": [1, 2, 3]}}, {"model": "main.product", "pk": 2, "fields": {"name": "luffy book", "description": "book of luffy", "price": "50.00", "slug": "luffy-book", "active": true, "in_stock": true, "date_updated": "2019-09-02T13:21:55.780Z", "tags": [2, 5, 6]}}, {"model": "main.product", "pk": 3, "fields": {"name": "sanji book", "description": "book of sanji", "price": "70.00", "slug": "sanji-book", "active": true, "in_stock": true, "date_updated": "2019-09-02T13:22:38.902Z", "tags": [3, 4, 5]}}, {"model": "main.productimage", "pk": 1, "fields": {"product": 1, "image": "product-images/IMG-20190723-WA0039.jpg", "thumbnail": "product-thumbnails/IMG-20190723-WA0039.jpg"}}, {"model": "main.productimage", "pk": 2, "fields": {"product": 2, "image": "product-images/IMG-20190723-WA0038.jpg", "thumbnail": "product-thumbnails/IMG-20190723-WA0038.jpg"}}, {"model": "main.productimage", "pk": 3, "fields": {"product": 3, "image": "product-images/IMG-20190723-WA0034.jpg", "thumbnail": "product-thumbnails/IMG-20190723-WA0034.jpg"}}, {"model": "main.basketline", "pk": 1, "fields": {"basket": 1, "product": 1, "quantity": 6}}, {"model": "main.basketline", "pk": 2, "fields": {"basket": 1, "product": 3, "quantity": 42}}, {"model": "main.basketline", "pk": 3, "fields": {"basket": 1, "product": 2, "quantity": 3}}, {"model": "main.basketline", "pk": 4, "fields": {"basket": 2, "product": 2, "quantity": 4}}, {"model": "main.basketline", "pk": 5, "fields": {"basket": 2, "product": 3, "quantity": 9}}, {"model": "main.basketline", "pk": 6, "fields": {"basket": 2, "product": 1, "quantity": 5}}, {"model": "main.basketline", "pk": 7, "fields": {"basket": 3, "product": 2, "quantity": 10}}, {"model": "main.basketline", "pk": 8, "fields": {"basket": 3, "product": 3, "quantity": 7}}, {"model": "main.orderline", "pk": 1, "fields": {"order": 1, "product": 2, "status": 10}}, {"model": "main.orderline", "pk": 2, "fields": {"order": 1, "product": 2, "status": 10}}, {"model": "main.orderline", "pk": 3, "fields": {"order": 1, "product": 2, "status": 10}}, {"model": "main.orderline", "pk": 4, "fields": {"order": 1, "product": 2, "status": 10}}, {"model": "main.orderline", "pk": 5, "fields": {"order": 1, "product": 2, "status": 10}}, {"model": "main.orderline", "pk": 6, "fields": {"order": 1, "product": 2, "status": 10}}, {"model": "main.orderline", "pk": 7, "fields": {"order": 1, "product": 2, "status": 10}}, {"model": "main.orderline", "pk": 8, "fields": {"order": 1, "product": 2, "status": 10}}, {"model": "main.orderline", "pk": 9, "fields": {"order": 1, "product": 2, "status": 10}}, {"model": "main.orderline", "pk": 10, "fields": {"order": 1, "product": 2, "status": 10}}, {"model": "main.orderline", "pk": 11, "fields": {"order": 1, "product": 3, "status": 10}}, {"model": "main.orderline", "pk": 12, "fields": {"order": 1, "product": 3, "status": 10}}, {"model": "main.orderline", "pk": 13, "fields": {"order": 1, "product": 3, "status": 10}}, {"model": "main.orderline", "pk": 14, "fields": {"order": 1, "product": 3, "status": 10}}, {"model": "main.orderline", "pk": 15, "fields": {"order": 1, "product": 3, "status": 10}}, {"model": "main.orderline", "pk": 16, "fields": {"order": 1, "product": 3, "status": 10}}, {"model": "main.orderline", "pk": 17, "fields": {"order": 1, "product": 3, "status": 10}}, {"model": "auth.permission", "pk": 1, "fields": {"name": "Can add log entry", "content_type": 1, "codename": "add_logentry"}}, {"model": "auth.permission", "pk": 2, "fields": {"name": "Can change log entry", "content_type": 1, "codename": "change_logentry"}}, {"model": "auth.permission", "pk": 3, "fields": {"name": "Can delete log entry", "content_type": 1, "codename": "delete_logentry"}}, {"model": "auth.permission", "pk": 4, "fields": {"name": "Can view log entry", "content_type": 1, "codename": "view_logentry"}}, {"model": "auth.permission", "pk": 5, "fields": {"name": "Can add permission", "content_type": 2, "codename": "add_permission"}}, {"model": "auth.permission", "pk": 6, "fields": {"name": "Can change permission", "content_type": 2, "codename": "change_permission"}}, {"model": "auth.permission", "pk": 7, "fields": {"name": "Can delete permission", "content_type": 2, "codename": "delete_permission"}}, {"model": "auth.permission", "pk": 8, "fields": {"name": "Can view permission", "content_type": 2, "codename": "view_permission"}}, {"model": "auth.permission", "pk": 9, "fields": {"name": "Can add group", "content_type": 3, "codename": "add_group"}}, {"model": "auth.permission", "pk": 10, "fields": {"name": "Can change group", "content_type": 3, "codename": "change_group"}}, {"model": "auth.permission", "pk": 11, "fields": {"name": "Can delete group", "content_type": 3, "codename": "delete_group"}}, {"model": "auth.permission", "pk": 12, "fields": {"name": "Can view group", "content_type": 3, "codename": "view_group"}}, {"model": "auth.permission", "pk": 13, "fields": {"name": "Can add content type", "content_type": 4, "codename": "add_contenttype"}}, {"model": "auth.permission", "pk": 14, "fields": {"name": "Can change content type", "content_type": 4, "codename": "change_contenttype"}}, {"model": "auth.permission", "pk": 15, "fields": {"name": "Can delete content type", "content_type": 4, "codename": "delete_contenttype"}}, {"model": "auth.permission", "pk": 16, "fields": {"name": "Can view content type", "content_type": 4, "codename": "view_contenttype"}}, {"model": "auth.permission", "pk": 17, "fields": {"name": "Can add session", "content_type": 5, "codename": "add_session"}}, {"model": "auth.permission", "pk": 18, "fields": {"name": "Can change session", "content_type": 5, "codename": "change_session"}}, {"model": "auth.permission", "pk": 19, "fields": {"name": "Can delete session", "content_type": 5, "codename": "delete_session"}}, {"model": "auth.permission", "pk": 20, "fields": {"name": "Can view session", "content_type": 5, "codename": "view_session"}}, {"model": "auth.permission", "pk": 21, "fields": {"name": "Can add product", "content_type": 6, "codename": "add_product"}}, {"model": "auth.permission", "pk": 22, "fields": {"name": "Can change product", "content_type": 6, "codename": "change_product"}}, {"model": "auth.permission", "pk": 23, "fields": {"name": "Can delete product", "content_type": 6, "codename": "delete_product"}}, {"model": "auth.permission", "pk": 24, "fields": {"name": "Can view product", "content_type": 6, "codename": "view_product"}}, {"model": "auth.permission", "pk": 25, "fields": {"name": "Can add product tag", "content_type": 7, "codename": "add_producttag"}}, {"model": "auth.permission", "pk": 26, "fields": {"name": "Can change product tag", "content_type": 7, "codename": "change_producttag"}}, {"model": "auth.permission", "pk": 27, "fields": {"name": "Can delete product tag", "content_type": 7, "codename": "delete_producttag"}}, {"model": "auth.permission", "pk": 28, "fields": {"name": "Can view product tag", "content_type": 7, "codename": "view_producttag"}}, {"model": "auth.permission", "pk": 29, "fields": {"name": "Can add product image", "content_type": 8, "codename": "add_productimage"}}, {"model": "auth.permission", "pk": 30, "fields": {"name": "Can change product image", "content_type": 8, "codename": "change_productimage"}}, {"model": "auth.permission", "pk": 31, "fields": {"name": "Can delete product image", "content_type": 8, "codename": "delete_productimage"}}, {"model": "auth.permission", "pk": 32, "fields": {"name": "Can view product image", "content_type": 8, "codename": "view_productimage"}}, {"model": "auth.permission", "pk": 33, "fields": {"name": "Can add user", "content_type": 9, "codename": "add_user"}}, {"model": "auth.permission", "pk": 34, "fields": {"name": "Can change user", "content_type": 9, "codename": "change_user"}}, {"model": "auth.permission", "pk": 35, "fields": {"name": "Can delete user", "content_type": 9, "codename": "delete_user"}}, {"model": "auth.permission", "pk": 36, "fields": {"name": "Can view user", "content_type": 9, "codename": "view_user"}}, {"model": "auth.permission", "pk": 37, "fields": {"name": "Can add address", "content_type": 10, "codename": "add_address"}}, {"model": "auth.permission", "pk": 38, "fields": {"name": "Can change address", "content_type": 10, "codename": "change_address"}}, {"model": "auth.permission", "pk": 39, "fields": {"name": "Can delete address", "content_type": 10, "codename": "delete_address"}}, {"model": "auth.permission", "pk": 40, "fields": {"name": "Can view address", "content_type": 10, "codename": "view_address"}}, {"model": "auth.permission", "pk": 41, "fields": {"name": "Can add basket", "content_type": 11, "codename": "add_basket"}}, {"model": "auth.permission", "pk": 42, "fields": {"name": "Can change basket", "content_type": 11, "codename": "change_basket"}}, {"model": "auth.permission", "pk": 43, "fields": {"name": "Can delete basket", "content_type": 11, "codename": "delete_basket"}}, {"model": "auth.permission", "pk": 44, "fields": {"name": "Can view basket", "content_type": 11, "codename": "view_basket"}}, {"model": "auth.permission", "pk": 45, "fields": {"name": "Can add basket line", "content_type": 12, "codename": "add_basketline"}}, {"model": "auth.permission", "pk": 46, "fields": {"name": "Can change basket line", "content_type": 12, "codename": "change_basketline"}}, {"model": "auth.permission", "pk": 47, "fields": {"name": "Can delete basket line", "content_type": 12, "codename": "delete_basketline"}}, {"model": "auth.permission", "pk": 48, "fields": {"name": "Can view basket line", "content_type": 12, "codename": "view_basketline"}}, {"model": "auth.permission", "pk": 49, "fields": {"name": "Can add order", "content_type": 13, "codename": "add_order"}}, {"model": "auth.permission", "pk": 50, "fields": {"name": "Can change order", "content_type": 13, "codename": "change_order"}}, {"model": "auth.permission", "pk": 51, "fields": {"name": "Can delete order", "content_type": 13, "codename": "delete_order"}}, {"model": "auth.permission", "pk": 52, "fields": {"name": "Can view order", "content_type": 13, "codename": "view_order"}}, {"model": "auth.permission", "pk": 53, "fields": {"name": "Can add order line", "content_type": 14, "codename": "add_orderline"}}, {"model": "auth.permission", "pk": 54, "fields": {"name": "Can change order line", "content_type": 14, "codename": "change_orderline"}}, {"model": "auth.permission", "pk": 55, "fields": {"name": "Can delete order line", "content_type": 14, "codename": "delete_orderline"}}, {"model": "auth.permission", "pk": 56, "fields": {"name": "Can view order line", "content_type": 14, "codename": "view_orderline"}}, {"model": "main.user", "pk": 1, "fields": {"password": "pbkdf2_sha256$150000$hBKJVGbRYf51$ohDX/FUY/iAqOzl9njy9d/gJcrbczsuS0Gz0itYVUHo=", "last_login": "2019-09-04T12:28:29.671Z", "is_superuser": true, "first_name": "", "last_name": "", "is_staff": true, "is_active": true, "date_joined": "2019-08-27T12:33:47.381Z", "email": "admin@booktime.com", "groups": [], "user_permissions": []}}, {"model": "main.user", "pk": 2, "fields": {"password": "pbkdf2_sha256$150000$qbNtksvz7OFR$+SCUmU/JqPmjUZjyvwZd8v19bDknR0O9T5jtBC/yQf4=", "last_login": null, "is_superuser": false, "first_name": "", "last_name": "", "is_staff": false, "is_active": true, "date_joined": "2019-08-29T12:44:39Z", "email": "israel@booktime.com", "groups": [], "user_permissions": []}}, {"model": "main.user", "pk": 4, "fields": {"password": "pbkdf2_sha256$150000$LBIdmp1kEMJS$M/I/5V/sbZ9exRhOM+QwZGefW5LhvSeIeqNQI38ub7w=", "last_login": "2019-09-02T13:39:56.779Z", "is_superuser": false, "first_name": "", "last_name": "", "is_staff": false, "is_active": true, "date_joined": "2019-08-29T22:20:45.826Z", "email": "airenov500@gmail.com", "groups": [], "user_permissions": []}}, {"model": "main.address", "pk": 1, "fields": {"user": 1, "name": "Israel", "address1": "House 95, Good Homes Estate", "address2": "oko filling", "zip_code": "100275", "city": "Lagos", "country": "ng"}}, {"model": "main.basket", "pk": 1, "fields": {"user": 4, "status": 10}}, {"model": "main.basket", "pk": 2, "fields": {"user": null, "status": 10}}, {"model": "main.basket", "pk": 3, "fields": {"user": 1, "status": 20}}, {"model": "main.order", "pk": 1, "fields": {"user": 1, "status": 10, "billing_name": "Israel", "billing_address1": "House 95, Good Homes Estate", "billing_address2": "oko filling", "billing_zip_code": "100275", "billing_city": "Lagos", "billing_country": "ng", "shipping_name": "Israel", "shipping_address1": "House 95, Good Homes Estate", "shipping_address2": "oko filling", "shipping_zip_code": "100275", "shipping_city": "Lagos", "shipping_country": "ng", "date_updated": "2019-09-04T12:43:41.798Z", "date_added": "2019-09-04T12:43:41.798Z"}}, {"model": "admin.logentry", "pk": 1, "fields": {"action_time": "2019-08-29T12:44:39.359Z", "user": 1, "content_type": 9, "object_id": "2", "object_repr": "israel@booktime.com", "action_flag": 1, "change_message": "[{\"added\": {}}]"}}, {"model": "admin.logentry", "pk": 2, "fields": {"action_time": "2019-08-29T12:45:06.729Z", "user": 1, "content_type": 9, "object_id": "2", "object_repr": "israel@booktime.com", "action_flag": 2, "change_message": "[]"}}, {"model": "admin.logentry", "pk": 3, "fields": {"action_time": "2019-08-29T22:19:07.242Z", "user": 1, "content_type": 9, "object_id": "3", "object_repr": "airenov500@gmail.com", "action_flag": 3, "change_message": ""}}, {"model": "admin.logentry", "pk": 4, "fields": {"action_time": "2019-08-31T18:35:36.399Z", "user": 1, "content_type": 10, "object_id": "1", "object_repr": "Israel, House 95, Good Homes Estate, oko filling, 100275, Lagos, ng", "action_flag": 1, "change_message": "[{\"added\": {}}]"}}, {"model": "admin.logentry", "pk": 5, "fields": {"action_time": "2019-08-31T19:44:09.146Z", "user": 1, "content_type": 10, "object_id": "1", "object_repr": "Israel, House 95, Good Homes Estate, oko filling, 100275, Lagos, ng", "action_flag": 2, "change_message": "[]"}}, {"model": "admin.logentry", "pk": 6, "fields": {"action_time": "2019-09-02T13:21:28.238Z", "user": 1, "content_type": 6, "object_id": "1", "object_repr": "zoro book", "action_flag": 1, "change_message": "[{\"added\": {}}]"}}, {"model": "admin.logentry", "pk": 7, "fields": {"action_time": "2019-09-02T13:21:55.791Z", "user": 1, "content_type": 6, "object_id": "2", "object_repr": "luffy book", "action_flag": 1, "change_message": "[{\"added\": {}}]"}}, {"model": "admin.logentry", "pk": 8, "fields": {"action_time": "2019-09-02T13:22:38.907Z", "user": 1, "content_type": 6, "object_id": "3", "object_repr": "sanji book", "action_flag": 1, "change_message": "[{\"added\": {}}]"}}, {"model": "admin.logentry", "pk": 9, "fields": {"action_time": "2019-09-02T13:23:21.496Z", "user": 1, "content_type": 8, "object_id": "1", "object_repr": "ProductImage object (1)", "action_flag": 1, "change_message": "[{\"added\": {}}]"}}, {"model": "admin.logentry", "pk": 10, "fields": {"action_time": "2019-09-02T13:23:50.198Z", "user": 1, "content_type": 8, "object_id": "2", "object_repr": "ProductImage object (2)", "action_flag": 1, "change_message": "[{\"added\": {}}]"}}, {"model": "admin.logentry", "pk": 11, "fields": {"action_time": "2019-09-02T13:24:15.788Z", "user": 1, "content_type": 8, "object_id": "3", "object_repr": "ProductImage object (3)", "action_flag": 1, "change_message": "[{\"added\": {}}]"}}]